{"cameraMode":{"drawMode":0,"name":"Shaded","section":"Shading Mode"},"sceneLighting":true,"audioPlay":false,"sceneViewState":{"showFog":true,"showMaterialUpdate":false,"showSkybox":true,"showFlares":true,"showImageEffects":true,"showParticleSystems":true},"in2DMode":false,"pivot":{"x":4.022382736206055,"y":-1.5701030492782593,"z":53.86019515991211},"rotation":{"x":-0.03920111432671547,"y":-0.08065177500247956,"z":0.0031728283502161505,"w":-0.9959661364555359},"size":85.5456771850586,"orthographic":false}