{"cameraMode":{"drawMode":0,"name":"Shaded","section":"Shading Mode"},"sceneLighting":false,"audioPlay":false,"sceneViewState":{"showFog":true,"showMaterialUpdate":false,"showSkybox":true,"showFlares":true,"showImageEffects":true,"showParticleSystems":true},"in2DMode":false,"pivot":{"x":0.8021606206893921,"y":-0.21341174840927125,"z":4.214447975158691},"rotation":{"x":-0.22775138914585114,"y":-0.02317873202264309,"z":0.005420435220003128,"w":-0.9734283089637756},"size":13.805561065673829,"orthographic":false}