{"cameraMode":{"drawMode":0,"name":"Shaded","section":"Shading Mode"},"sceneLighting":false,"audioPlay":false,"sceneViewState":{"showFog":true,"showMaterialUpdate":false,"showSkybox":true,"showFlares":true,"showImageEffects":true,"showParticleSystems":true},"in2DMode":false,"pivot":{"x":2.8923325538635256,"y":-1.9833645820617676,"z":14.310324668884278},"rotation":{"x":-0.1625700742006302,"y":-0.07963797450065613,"z":0.013162803836166859,"w":-0.9833898544311523},"size":15.96934700012207,"orthographic":false}