{"cameraMode":{"drawMode":0,"name":"Shaded","section":"Shading Mode"},"sceneLighting":false,"audioPlay":false,"sceneViewState":{"showFog":true,"showMaterialUpdate":false,"showSkybox":true,"showFlares":true,"showImageEffects":true,"showParticleSystems":true},"in2DMode":false,"pivot":{"x":0.8302156925201416,"y":1.2049791812896729,"z":1.3951619863510132},"rotation":{"x":0.07940156757831574,"y":0.6517091393470764,"z":-0.06888870894908905,"w":0.7511491179466248},"size":4.055512428283691,"orthographic":false}