{"cameraMode":{"drawMode":0,"name":"Shaded","section":"Shading Mode"},"sceneLighting":true,"audioPlay":false,"sceneViewState":{"showFog":true,"showMaterialUpdate":false,"showSkybox":true,"showFlares":true,"showImageEffects":true,"showParticleSystems":true},"in2DMode":false,"pivot":{"x":-1.4407671689987183,"y":2.221680164337158,"z":-5.6392927169799809},"rotation":{"x":-0.14445751905441285,"y":-0.7016788721084595,"z":0.14869387447834016,"w":-0.681666374206543},"size":9.685232162475586,"orthographic":false}