{"cameraMode":{"drawMode":0,"name":"Shaded","section":"Shading Mode"},"sceneLighting":false,"audioPlay":false,"sceneViewState":{"showFog":true,"showMaterialUpdate":false,"showSkybox":true,"showFlares":true,"showImageEffects":true,"showParticleSystems":true},"in2DMode":false,"pivot":{"x":-0.002923309803009033,"y":1.6090421676635743,"z":0.11265552043914795},"rotation":{"x":0.223718523979187,"y":0.4733660817146301,"z":-0.12567348778247834,"w":0.8426628708839417},"size":3.501009225845337,"orthographic":false}