{"cameraMode":{"drawMode":0,"name":"Shaded","section":"Shading Mode"},"sceneLighting":false,"audioPlay":false,"sceneViewState":{"showFog":true,"showMaterialUpdate":false,"showSkybox":true,"showFlares":true,"showImageEffects":true,"showParticleSystems":true},"in2DMode":false,"pivot":{"x":0.06989554315805435,"y":-7.220372200012207,"z":-5.450235366821289},"rotation":{"x":-0.005688378121703863,"y":-0.9308286309242249,"z":0.36512377858161929,"w":-0.014503393322229386},"size":13.606247901916504,"orthographic":false}