{"cameraMode":{"drawMode":0,"name":"Shaded","section":"Shading Mode"},"sceneLighting":false,"audioPlay":false,"sceneViewState":{"showFog":true,"showMaterialUpdate":false,"showSkybox":true,"showFlares":true,"showImageEffects":true,"showParticleSystems":true},"in2DMode":false,"pivot":{"x":-0.9787366390228272,"y":2.059401750564575,"z":-1.7120808362960816},"rotation":{"x":-0.010705293156206608,"y":-0.9736669063568115,"z":-0.046769879758358,"w":0.222869411110878},"size":3.501009225845337,"orthographic":false}