{"cameraMode":{"drawMode":0,"name":"Shaded","section":"Shading Mode"},"sceneLighting":false,"audioPlay":false,"sceneViewState":{"showFog":true,"showMaterialUpdate":false,"showSkybox":true,"showFlares":true,"showImageEffects":true,"showParticleSystems":true},"in2DMode":false,"pivot":{"x":-3.1062028408050539,"y":-0.5456547737121582,"z":3.8670663833618166},"rotation":{"x":0.23960833251476289,"y":-0.17385677993297578,"z":0.04366112872958183,"w":0.9541778564453125},"size":9.443115234375,"orthographic":false}