{"cameraMode":{"drawMode":0,"name":"Shaded","section":"Shading Mode"},"sceneLighting":false,"audioPlay":false,"sceneViewState":{"showFog":true,"showMaterialUpdate":false,"showSkybox":true,"showFlares":true,"showImageEffects":true,"showParticleSystems":true},"in2DMode":false,"pivot":{"x":-3.16129994392395,"y":0.13420367240905763,"z":-2.1632497310638429},"rotation":{"x":0.07235488295555115,"y":-0.8838498592376709,"z":0.14583805203437806,"w":0.43852660059928896},"size":6.138713359832764,"orthographic":false}