{"cameraMode":{"drawMode":0,"name":"Shaded","section":"Shading Mode"},"sceneLighting":true,"audioPlay":false,"sceneViewState":{"showFog":true,"showMaterialUpdate":false,"showSkybox":true,"showFlares":true,"showImageEffects":true,"showParticleSystems":true},"in2DMode":false,"pivot":{"x":3.230605125427246,"y":-4.603278160095215,"z":-9.518457412719727},"rotation":{"x":-0.013074373826384545,"y":0.9494901895523071,"z":-0.3109723627567291,"w":-0.03992009162902832},"size":22.0,"orthographic":false}