{"cameraMode":{"drawMode":0,"name":"Shaded","section":"Shading Mode"},"sceneLighting":true,"audioPlay":false,"sceneViewState":{"showFog":true,"showMaterialUpdate":false,"showSkybox":true,"showFlares":true,"showImageEffects":true,"showParticleSystems":true},"in2DMode":false,"pivot":{"x":-4.258123874664307,"y":1.587600588798523,"z":-0.702333390712738},"rotation":{"x":0.09515652805566788,"y":0.7023324966430664,"z":-0.09561752527952194,"w":0.6989503502845764},"size":2.8578836917877199,"orthographic":false}