{"cameraMode":{"drawMode":0,"name":"Shaded","section":"Shading Mode"},"sceneLighting":false,"audioPlay":false,"sceneViewState":{"showFog":true,"showMaterialUpdate":false,"showSkybox":true,"showFlares":true,"showImageEffects":true,"showParticleSystems":true},"in2DMode":false,"pivot":{"x":-0.37084832787513735,"y":-2.571361780166626,"z":2.4002954959869386},"rotation":{"x":0.1431727260351181,"y":-0.09307263791561127,"z":0.013525127433240414,"w":0.98521888256073},"size":22.0,"orthographic":false}