{"cameraMode":{"drawMode":0,"name":"Shaded","section":"Shading Mode"},"sceneLighting":true,"audioPlay":false,"sceneViewState":{"showFog":true,"showMaterialUpdate":false,"showSkybox":true,"showFlares":true,"showImageEffects":true,"showParticleSystems":true},"in2DMode":false,"pivot":{"x":-16.141876220703126,"y":-1.2948752641677857,"z":-0.21308070421218873},"rotation":{"x":-0.07068417966365814,"y":0.7443448305130005,"z":-0.07981088012456894,"w":-0.6592305302619934},"size":22.0,"orthographic":false}