{"cameraMode":{"drawMode":0,"name":"Shaded","section":"Shading Mode"},"sceneLighting":true,"audioPlay":false,"sceneViewState":{"showFog":true,"showMaterialUpdate":false,"showSkybox":true,"showFlares":true,"showImageEffects":true,"showParticleSystems":true},"in2DMode":false,"pivot":{"x":994.4688720703125,"y":275.5062255859375,"z":-8.583404541015625},"rotation":{"x":-0.14057880640029908,"y":-0.06056947261095047,"z":0.008616971783339978,"w":-0.988177478313446},"size":399.1659851074219,"orthographic":false}